Src_Latitude,Src_Longitude,route_1_Waypoint_1_Lat,route_1_Waypoint_1_Lon,route_1_Waypoint_2_Lat,route_1_Waypoint_2_Lon,route_1_Waypoint_3_Lat,route_1_Waypoint_3_Lon,route_1_Waypoint_4_Lat,route_1_Waypoint_4_Lon,route_1_Waypoint_5_Lat,route_1_Waypoint_5_Lon,route_1_Waypoint_6_Lat,route_1_Waypoint_6_Lon,route_1_Waypoint_7_Lat,route_1_Waypoint_7_Lon,route_1_Waypoint_8_Lat,route_1_Waypoint_8_Lon,route_1_Waypoint_9_Lat,route_1_Waypoint_9_Lon,route_2_Waypoint_1_Lat,route_2_Waypoint_1_Lon,route_2_Waypoint_2_Lat,route_2_Waypoint_2_Lon,route_2_Waypoint_3_Lat,route_2_Waypoint_3_Lon,route_2_Waypoint_4_Lat,route_2_Waypoint_4_Lon,route_2_Waypoint_5_Lat,route_2_Waypoint_5_Lon,route_2_Waypoint_6_Lat,route_2_Waypoint_6_Lon,route_2_Waypoint_7_Lat,route_2_Waypoint_7_Lon,route_2_Waypoint_8_Lat,route_2_Waypoint_8_Lon,route_2_Waypoint_9_Lat,route_2_Waypoint_9_Lon,Dest_Latitude,Dest_Longitude,route1_distance,route1_duration,route1_Road_Type,route1_Traffic,route1_Road_Confidence,route1_Geopolitical_Constraints,route2_distance,route2_duration,route2_Road_Type,route2_Traffic,route2_Road_Confidence,route2_Geopolitical_Constraints
19.239625,73.136518,19.242239,73.136465,19.243723,73.129642,19.251538,73.100536,19.232686,73.032119,19.264196,73.087196,19.200075,72.972845,19.192897,72.970207,19.192897,72.970207,19.193381,72.970225,19.242239,73.136465,19.243723,73.129642,19.264196,73.087196,19.260976,73.029083,19.282616,73.073373,19.203505,72.977299,19.200075,72.972845,19.192897,72.970207,19.193381,72.970225,19.194264,72.970457,23284.09,3478.33,Good,Bad,0.9990233636363637,0,27136.891,4199.58,Good,Bad,0.998337909090909,0
18.516725,73.856256,18.515669,73.856287,18.514525,73.853742,18.703469,73.676155,18.770604,73.344277,18.771796,73.360243,19.076508,72.876095,19.105734,72.853633,19.109304,72.853594,19.096083,72.865838,18.515669,73.856287,18.514525,73.853742,18.716285,73.640138,18.787139,73.309666,18.70524,73.594154,19.109174,72.876447,19.102661,72.87255,19.09667,72.865661,19.096083,72.865838,19.095117,72.86516,159579.922,11695.533,Good,Bad,0.9920725454545454,0,168234.234,13900.351,Good,Bad,0.9962208181818181,0
19.033011,73.029696,19.033075,73.029878,19.032821,73.02958,19.058471,72.957473,19.083891,72.920533,19.081462,72.918647,19.103017,72.870742,19.096083,72.865838,19.09667,72.865661,19.096083,72.865838,19.033075,73.029878,19.032821,73.02958,19.058471,72.957473,19.066519,72.88978,19.070269,72.907643,19.101233,72.854503,19.096083,72.865838,19.107285,72.859203,19.096083,72.865838,19.095117,72.86516,28671.572,3728.037,Good,Bad,1,0,31618.922,3597.438,Good,Bad,1,0
19.218299,72.978094,19.222856,72.977491,19.223315,72.973583,19.212775,72.977484,19.092024,72.911671,19.174857,72.968629,19.102661,72.87255,19.09667,72.865661,19.09667,72.865661,19.096083,72.865838,19.222856,72.977491,19.223315,72.973583,19.197465,72.962637,19.123811,72.909219,19.124081,72.938619,19.112137,72.866872,19.096083,72.865838,19.107821,72.858673,19.096083,72.865838,19.095117,72.86516,29276.832,4170.336,Good,Bad,0.9827272727272728,0,28172,4062.457,Good,Bad,0.9827272727272728,0
18.962716,72.849095,18.961938,72.848879,18.962579,72.846329,18.98847,72.835745,19.025096,72.84041,19.003852,72.838768,19.105734,72.853633,19.107285,72.859203,19.107285,72.859203,19.096083,72.865838,18.961938,72.848879,18.962579,72.846329,19.005938,72.855996,19.069034,72.909277,19.024487,72.878849,19.101844,72.872527,19.099328,72.871253,19.09667,72.865661,19.096083,72.865838,19.095117,72.86516,22053.701,3701.686,Good,Bad,0.9979396363636365,0,30006.719,3740.019,Good,Bad,1,0
18.962716,72.849095,18.961938,72.848879,18.962579,72.846329,18.957796,72.842812,18.956004,72.809961,18.957253,72.834198,18.952277,72.796702,18.951462,72.793278,18.951113,72.793938,18.951462,72.793278,18.961938,72.848879,18.962579,72.846329,18.957796,72.842812,18.961967,72.81343,18.961756,72.823051,18.952277,72.796702,18.952277,72.796702,18.951113,72.793938,18.951462,72.793278,18.9492,72.792179,8541.54,1940,Good,Bad,0.9921271818181818,0,8649.417,2030.225,Good,Bad,0.9838595454545456,0
18.962716,72.849095,18.961938,72.848879,18.962579,72.846329,19.797173,72.912019,21.725775,73.00663,21.471601,72.955118,22.923366,69.789179,22.73784,69.712181,22.743756,69.70366,22.73784,69.712181,18.961938,72.848879,18.962579,72.846329,19.833521,72.951444,22.018628,72.861582,20.535703,72.961457,23.055286,69.916799,22.813974,69.692918,22.743756,69.70366,22.73784,69.712181,22.738555,69.719349,933455.062,57830.996,Good,Bad,0.998036,0,927047,61313.227,Good,Bad,0.998036,0
18.962716,72.849095,18.961938,72.848879,18.962579,72.846329,18.573713,73.806451,17.539867,78.233523,17.816931,76.233243,17.684656,83.202714,17.716202,83.270753,17.717909,83.306584,17.71738,83.306337,18.961938,72.848879,18.962579,72.846329,19.819293,74.027211,21.101206,79.730618,20.6177,77.853963,17.942152,83.420689,17.726014,83.310021,17.717909,83.306584,17.71738,83.306337,17.717286,83.30663,1359828.25,77833.297,Good,Bad,0.9982119090909091,0,1605941.125,95070.102,Good,Bad,1,0
19.298677,73.223723,19.298576,73.224041,19.263454,73.239604,18.307471,75.148833,17.228788,78.974443,17.763746,77.28341,17.709532,83.232069,17.717909,83.306584,17.717909,83.306584,17.71738,83.306337,19.301629,73.222674,19.311706,73.215793,19.790395,74.276004,21.061551,79.909575,21.101206,79.730618,17.898596,83.380255,17.796797,83.353493,17.717909,83.306584,17.71738,83.306337,17.717286,83.30663,1388559.375,82766.859,Good,Bad,0.987127818181818,0,1547611.5,90056.828,Good,Bad,0.987127818181818,0
19.28129,73.048314,19.283871,73.050429,19.26994,73.038551,18.571458,73.808195,17.539867,78.233523,17.816931,76.233243,17.684656,83.202714,17.71738,83.306337,17.717909,83.306584,17.71738,83.306337,19.286502,73.052958,19.294743,73.061151,19.921758,75.215768,21.077794,81.030561,20.967824,78.911533,17.898596,83.380255,17.718287,83.305655,17.717909,83.306584,17.71738,83.306337,17.717286,83.30663,1362377.5,81041.969,Good,Bad,0.9465425454545453,0,1556126.75,90886.023,Good,Bad,0.9914022727272728,0
19.0596,72.829527,19.059564,72.829527,19.059542,72.836925,18.577217,73.80298,17.693663,77.638049,18.443684,74.427172,17.684656,83.202714,17.71738,83.306337,17.717909,83.306584,17.71738,83.306337,19.059564,72.829527,19.059542,72.836925,19.794489,74.060966,21.061551,79.909575,20.507717,77.437723,17.898596,83.380255,17.898596,83.380255,17.717909,83.306584,17.71738,83.306337,17.717286,83.30663,1362885.25,79156.586,Good,Bad,0.9960799090909092,0,1598435.25,95232.734,Good,Bad,0.997669,0
18.997687,72.837615,18.997714,72.837414,18.999554,72.837605,18.577217,73.80298,17.693663,77.638049,18.208075,74.911398,17.684656,83.202714,17.719588,83.203607,17.717909,83.306584,17.71738,83.306337,18.997714,72.837414,18.999554,72.837605,19.819582,74.026813,21.157336,79.659919,20.216815,76.807775,17.942152,83.420689,17.816479,83.357054,17.717909,83.306584,17.71738,83.306337,17.717286,83.30663,1357535.125,78110.641,Good,Bad,0.9948846363636363,0,1598786.75,95106.766,Good,Bad,0.9864232727272728,0
19.094814,74.747996,19.094794,74.74791,19.092476,74.746999,17.763746,77.28341,16.881906,80.165783,17.156065,79.61548,17.716202,83.270753,17.71738,83.306337,17.717909,83.306584,17.71738,83.306337,19.094794,74.74791,19.092476,74.746999,17.539867,78.233523,17.255637,80.1183,17.500775,78.892758,17.719588,83.203607,17.717909,83.306584,17.717909,83.306584,17.71738,83.306337,17.717286,83.30663,1183277.875,67635.367,Good,Bad,0.9822754545454546,0,1248657.25,76532.695,Good,Bad,0.9866755454545455,0
19.796686,72.744373,19.795635,72.74468,19.794256,72.753934,19.794489,74.060966,21.061551,79.909575,20.185084,76.550504,17.898596,83.380255,17.726014,83.310021,17.717909,83.306584,17.71738,83.306337,19.795635,72.74468,19.794256,72.753934,19.945961,74.986588,19.093135,78.801371,19.056814,78.619806,17.942152,83.420689,17.816474,83.356953,17.717909,83.306584,17.71738,83.306337,17.717286,83.30663,1587343.25,95340.57,Good,Bad,0.9839996363636362,0,1478055.375,100944.93,Good,Bad,0.9892157272727271,0
19.033813,73.019601,19.03384,73.019551,19.033908,73.019538,18.573713,73.806451,17.539867,78.233523,18.011452,75.234876,17.684656,83.202714,17.716202,83.270753,17.717909,83.306584,17.71738,83.306337,19.03384,73.019551,19.033908,73.019538,19.724549,73.630547,21.086714,79.176915,20.507717,77.437723,17.943313,83.420309,17.898596,83.380255,17.717909,83.306584,17.71738,83.306337,17.717286,83.30663,1334554,76666.469,Good,Bad,0.9983717272727273,0,1591458.25,94393.289,Good,Bad,1,0
19.113565,72.86969,19.112978,72.869773,19.1131,72.868999,18.573713,73.806451,17.539867,78.233523,18.230079,74.774129,17.684656,83.202714,17.718793,83.292161,17.717909,83.306584,17.71738,83.306337,19.112978,72.869773,19.1131,72.868999,19.790395,74.276004,21.061551,79.909575,20.056234,76.405294,17.898596,83.380255,17.796797,83.353493,17.717909,83.306584,17.71738,83.306337,17.717286,83.30663,1359635.75,79458.797,Good,Bad,0.9831480909090909,0,1592252.5,94953.242,Good,Bad,0.9848652727272728,0
19.0596,72.829527,19.059564,72.829527,19.059542,72.836834,19.067872,72.837188,19.0929,72.849316,19.089721,72.838237,19.09462,72.855683,19.09462,72.855683,19.09462,72.855683,19.094147,72.856943,19.059564,72.829527,19.059542,72.836925,19.050728,72.838337,19.087779,72.843782,19.052724,72.845048,19.094573,72.854676,19.094147,72.856943,19.09462,72.855683,19.094147,72.856943,19.092992,72.856241,6534.406,1341.892,Good,Bad,0.99484,0,8718.685,1317.824,Good,Bad,0.9949217272727272,0
19.187418,72.848399,19.187256,72.846654,19.179557,72.846934,19.174043,72.849711,19.14108,72.85489,19.145066,72.856023,19.09553,72.852821,19.09553,72.852821,19.09462,72.855683,19.094147,72.856943,19.187256,72.846654,19.179557,72.846934,19.152278,72.844628,19.144997,72.855637,19.152978,72.851265,19.09553,72.852821,19.09553,72.852821,19.09462,72.855683,19.094147,72.856943,19.092992,72.856241,12898.965,1897.101,Good,Bad,0.992747090909091,0,12702.963,2181.825,Good,Bad,0.9973960909090909,0
18.591299,73.738902,18.59788,73.742097,18.599835,73.744723,18.751013,73.524147,18.787139,73.309666,18.737058,73.429325,19.076508,72.876095,19.089594,72.843515,19.095656,72.852451,19.09462,72.855683,18.59788,73.742097,18.599835,73.744723,18.737058,73.429325,18.913795,73.178134,18.768313,73.407475,19.065316,72.893294,19.076508,72.876095,19.095656,72.852451,19.09462,72.855683,19.092992,72.856241,141541.25,9211.065,Good,Bad,1,0,156939,9615.259,Good,Bad,1,0
18.507382,73.807673,18.506872,73.802861,18.507243,73.787827,18.751013,73.524147,18.787139,73.309666,18.770604,73.344277,19.076508,72.876095,19.08029,72.846707,19.095656,72.852451,19.09462,72.855683,18.506872,73.802861,18.507243,73.787827,18.737058,73.429325,18.900018,73.247384,18.790321,73.33359,19.065316,72.893294,19.074492,72.846592,19.095656,72.852451,19.09462,72.855683,19.092992,72.856241,154825.391,10387.671,Good,Bad,1,0,171816.875,11802.495,Good,Bad,1,0
19.643607,73.471241,19.63179,73.473839,19.625875,73.462843,19.542688,73.350067,19.288989,73.108484,19.511886,73.329398,19.08029,72.846707,19.095656,72.852451,19.095656,72.852451,19.09462,72.855683,19.63179,73.473839,19.625875,73.462843,19.467938,73.334745,19.293031,73.019831,19.298943,73.052245,19.227369,72.863436,19.227369,72.863436,19.09553,72.852821,19.09462,72.855683,19.092992,72.856241,111317.211,9396.606,Good,Bad,1,0,126685.164,12316.7,Good,Bad,1,0
19.997453,73.789807,19.997825,73.790264,19.994494,73.790304,19.903904,73.700016,19.630634,73.422372,19.687351,73.583361,19.076459,72.876417,19.095656,72.852451,19.095656,72.852451,19.09462,72.855683,19.997825,73.790264,19.99935,73.790041,19.959174,73.407707,19.903228,73.225233,19.913919,73.250829,19.344197,72.891582,19.09462,72.855683,19.09553,72.852821,19.09462,72.855683,19.092992,72.856241,173105.375,14089.27,Good,Bad,1,0,206917.203,18031.82,Good,Bad,0.9559022727272727,0
19.180662,75.19377,19.172214,75.18031,19.189262,75.148014,18.820561,74.356051,18.737058,73.429325,18.740844,73.779484,19.05107,72.93692,19.074492,72.846592,19.095656,72.852451,19.09462,72.855683,19.172214,75.18031,19.189262,75.148014,19.621468,74.494334,19.678922,73.57852,19.837148,74.476508,19.07063,72.907068,19.076459,72.876417,19.095656,72.852451,19.09462,72.855683,19.092992,72.856241,314867.625,23172.264,Good,Bad,0.9933747272727274,0,366217.656,24683.357,Good,Bad,1,0
19.182514,73.192723,19.183197,73.192385,19.183854,73.1934,19.139422,73.036235,19.148578,72.992549,19.116579,73.03495,19.089594,72.843515,19.089594,72.843515,19.09462,72.855683,19.094147,72.856943,19.183197,73.192385,19.183854,73.1934,19.111592,73.032851,19.063607,72.979147,19.065115,73.019762,19.08029,72.846707,19.09462,72.855683,19.09462,72.855683,19.094147,72.856943,19.092992,72.856241,55238.035,6251.481,Good,Bad,0.9996541818181818,0,53453.957,6173.848,Good,Bad,0.9996543636363636,0
19.356833,73.218454,19.35656,73.217529,19.354828,73.212779,19.340757,73.116091,19.211799,72.977022,19.224713,73.020065,19.08029,72.846707,19.095656,72.852451,19.095656,72.852451,19.09462,72.855683,19.35656,73.217529,19.354828,73.212779,19.314337,73.106869,19.250934,72.973182,19.243971,72.975817,19.174219,72.85948,19.09462,72.855683,19.09553,72.852821,19.09462,72.855683,19.092992,72.856241,65400.398,6871.962,Good,Bad,1,0,76336.977,8984.443,Good,Bad,0.9939047272727273,0
19.356833,73.218454,19.35656,73.217529,19.354828,73.212779,19.397434,73.178896,19.458677,73.114195,19.433974,73.143024,19.44148,72.879335,19.435335,72.858458,19.439368,72.855359,19.440956,72.854963,19.35656,73.217529,19.354828,73.212779,19.30505,73.058199,19.316104,72.946576,19.30505,73.058199,19.427044,72.867596,19.439368,72.855359,19.439368,72.855359,19.440956,72.854963,19.444468,72.856117,55221.781,7203.375,Good,Bad,1,0,54093.047,7295.747,Good,Bad,0.9977201818181818,0
19.356833,73.218454,19.35656,73.217529,19.354828,73.212779,19.397434,73.178896,19.458677,73.114195,19.413547,73.177086,19.44148,72.879335,19.440222,72.878726,19.439368,72.855359,19.440956,72.854963,19.35656,73.217529,19.354828,73.212779,19.30505,73.058199,19.316104,72.946576,19.30189,72.980678,19.427044,72.867596,19.435335,72.858458,19.439368,72.855359,19.440956,72.854963,19.444468,72.856117,55221.781,7124.629,Good,Bad,0.9815202727272726,0,54093.047,7350.633,Good,Bad,0.9776917272727271,0
19.356833,73.218454,19.35656,73.217529,19.354828,73.212779,19.397434,73.178896,19.458677,73.114195,19.434643,73.17261,19.44148,72.879335,19.44148,72.879335,19.439368,72.855359,19.440956,72.854963,19.35656,73.217529,19.354828,73.212779,19.30505,73.058199,19.316104,72.946576,19.300015,73.055562,19.427044,72.867596,19.439368,72.855359,19.439368,72.855359,19.440956,72.854963,19.444468,72.856117,55221.781,7180.876,Good,0.00,1,0,54093.047,7281.825,Good,0.00,1,0
19.356833,73.218454,19.35656,73.217529,19.354828,73.212779,19.397434,73.178896,19.458677,73.114195,19.43171,73.150527,19.44148,72.879335,19.440956,72.854963,19.439368,72.855359,19.440956,72.854963,19.35656,73.217529,19.354828,73.212779,19.30505,73.058199,19.316104,72.946576,19.300015,73.055562,19.427044,72.867596,19.427044,72.867596,19.439368,72.855359,19.440956,72.854963,19.444468,72.856117,55221.781,7180.876,Good,0.00,1,0,54093.047,7281.825,Good,0.00,1,0
19.356833,73.218454,19.35656,73.217529,19.354828,73.212779,19.397434,73.178896,19.458677,73.114195,19.43171,73.150527,19.44148,72.879335,19.440956,72.854963,19.439368,72.855359,19.440956,72.854963,19.35656,73.217529,19.354828,73.212779,19.30505,73.058199,19.316104,72.946576,19.322009,72.961822,19.427044,72.867596,19.435335,72.858458,19.439368,72.855359,19.440956,72.854963,19.444468,72.856117,55221.781,7180.876,Good,0.00,1,0,54093.047,7283.617,Good,1.40,0.9984257272727273,0
19.356833,73.218454,19.35656,73.217529,19.354828,73.212779,19.397434,73.178896,19.458677,73.114195,19.407641,73.174953,19.44148,72.879335,19.440956,72.854963,19.439368,72.855359,19.440956,72.854963,19.35656,73.217529,19.354828,73.212779,19.30505,73.058199,19.316104,72.946576,19.320778,72.970933,19.427044,72.867596,19.440956,72.854963,19.439368,72.855359,19.440956,72.854963,19.444468,72.856117,55221.781,7182.044,Good,0.00,1,0,54093.047,7283.698,Good,0.00,1,0
19.356833,73.218454,19.35656,73.217529,19.354828,73.212779,19.397434,73.178896,19.458677,73.114195,19.413547,73.177086,19.44148,72.879335,19.439368,72.855359,19.439368,72.855359,19.440956,72.854963,19.35656,73.217529,19.354828,73.212779,19.30505,73.058199,19.316104,72.946576,19.30189,72.980678,19.427044,72.867596,19.435335,72.858458,19.439368,72.855359,19.440956,72.854963,19.444468,72.856117,55221.781,7182.044,Good,0.00,1,0,54093.047,7283.698,Good,1.40,0.9985024545454546,0
19.356833,73.218454,19.35656,73.217529,19.354828,73.212779,19.397434,73.178896,19.458677,73.114195,19.407641,73.174953,19.44148,72.879335,19.435335,72.858458,19.439368,72.855359,19.440956,72.854963,19.35656,73.217529,19.354828,73.212779,19.30505,73.058199,19.316104,72.946576,19.320778,72.970933,19.427044,72.867596,19.440956,72.854963,19.439368,72.855359,19.440956,72.854963,19.444468,72.856117,55221.781,7197.683,Good,0.00,1,0,54093.047,7303.371,Good,0.00,1,0
19.356833,73.218454,19.35656,73.217529,19.354828,73.212779,19.397434,73.178896,19.458677,73.114195,19.407641,73.174953,19.44148,72.879335,19.439368,72.855359,19.439368,72.855359,19.440956,72.854963,19.35656,73.217529,19.354828,73.212779,19.30505,73.058199,19.316104,72.946576,19.303926,73.055966,19.427044,72.867596,19.439368,72.855359,19.439368,72.855359,19.440956,72.854963,19.444468,72.856117,55221.781,7197.683,Good,0.00,1,0,54093.047,7303.371,Good,0.00,1,0
19.356833,73.218454,19.35656,73.217529,19.354828,73.212779,19.397434,73.178896,19.458677,73.114195,19.453271,73.121415,19.44148,72.879335,19.439368,72.855359,19.439368,72.855359,19.440956,72.854963,19.35656,73.217529,19.354828,73.212779,19.30505,73.058199,19.316104,72.946576,19.300015,73.055562,19.427044,72.867596,19.427044,72.867596,19.439368,72.855359,19.440956,72.854963,19.444468,72.856117,55221.781,7197.683,Good,0.00,1,0,54093.047,7303.371,Good,0.00,1,0
19.356833,73.218454,19.35656,73.217529,19.354828,73.212779,19.397434,73.178896,19.458677,73.114195,19.453271,73.121415,19.44148,72.879335,19.440956,72.854963,19.439368,72.855359,19.440956,72.854963,19.35656,73.217529,19.354828,73.212779,19.30505,73.058199,19.316104,72.946576,19.298943,73.052245,19.427044,72.867596,19.440956,72.854963,19.439368,72.855359,19.440956,72.854963,19.444468,72.856117,55221.781,7200.77,Good,0.00,1,0,54093.047,7304.998,Good,0.00,1,0
19.356833,73.218454,19.35656,73.217529,19.354828,73.212779,19.397434,73.178896,19.458677,73.114195,19.407641,73.174953,19.44148,72.879335,19.440956,72.854963,19.439368,72.855359,19.440956,72.854963,19.35656,73.217529,19.354828,73.212779,19.30505,73.058199,19.316104,72.946576,19.320778,72.970933,19.427044,72.867596,19.439368,72.855359,19.439368,72.855359,19.440956,72.854963,19.444468,72.856117,55221.781,7201.362,Good,0.00,1,0,54093.047,7304.998,Good,0.00,1,0
19.356833,73.218454,19.35656,73.217529,19.354828,73.212779,19.397434,73.178896,19.458677,73.114195,19.397434,73.178896,19.44148,72.879335,19.435335,72.858458,19.439368,72.855359,19.440956,72.854963,19.35656,73.217529,19.354828,73.212779,19.30505,73.058199,19.316104,72.946576,19.300015,73.055562,19.427044,72.867596,19.436149,72.861767,19.439368,72.855359,19.440956,72.854963,19.444468,72.856117,55221.781,7158.435,2.3636363636363638,0.00,1,0,54093.047,7248.536,1.9090909090909092,1.82,0.9937348181818183,0
12.971621,77.594462,12.971806,77.594503,12.9719,77.594553,13.926842,76.632539,15.909397,74.494443,15.891441,74.523636,19.074653,72.879621,19.07994,72.880376,19.100886,72.876519,19.099872,72.876442,12.971806,77.594503,12.9719,77.594553,13.751481,76.885011,17.273226,75.589937,17.108539,75.602558,19.074653,72.879621,19.075934,72.877275,19.100886,72.876519,19.099872,72.876442,19.099387,72.874218,998424.188,59261.391,2.4545454545454546,13.53,0.9706543636363637,0,999237.312,63465.457,2.5454545454545454,9.74,1,0
15.312122,75.709847,15.332126,75.682544,15.335007,75.679635,16.187104,74.829998,17.274087,74.17939,16.200937,74.518372,19.092024,72.911671,19.092024,72.911671,19.100886,72.876519,19.099872,72.876442,15.332126,75.682544,15.335007,75.679635,16.222071,74.821668,17.298814,74.190252,17.285263,74.183888,19.092024,72.911671,19.099872,72.876442,19.100886,72.876519,19.099872,72.876442,19.099387,72.874218,645297.062,44517.844,2.5454545454545454,4.55,1,0,645430.625,46877.535,2.272727272727273,5.75,0.9645454545454545,0
19.242392,73.120196,19.242986,73.118195,19.246433,73.119919,19.224713,73.020065,19.12753,72.940219,19.174857,72.968629,19.103518,72.874589,19.100886,72.876519,19.100886,72.876519,19.099872,72.876442,19.242986,73.118195,19.246433,73.119919,19.208322,72.999948,19.128654,72.925437,19.211575,72.976388,19.109174,72.876447,19.102971,72.876713,19.100886,72.876519,19.099872,72.876442,19.099387,72.874218,43095.629,5234.767,2.909090909090909,4.53,1,0,41223.461,6648.78,2.4545454545454546,11.30,0.9961368181818181,0
19.242392,73.120196,19.242288,73.119082,19.242986,73.118195,19.25185,73.123618,19.242573,73.153462,19.253361,73.134909,19.25937,73.167642,19.25937,73.167642,19.261249,73.168701,19.263772,73.170733,19.242399,73.120321,19.24198,73.12037,19.240224,73.126261,19.240896,73.144826,19.240224,73.126261,19.259302,73.165775,19.261249,73.168701,19.261249,73.168701,19.263772,73.170733,19.265084,73.172411,8422.81,1216.728,2.5454545454545454,5.68,0.9974306363636365,0,7271.178,1316.712,2.5454545454545454,2.91,0.9988564545454547,0
20.274398,84.268959,20.284502,84.273714,20.234255,84.336309,20.232162,82.196972,20.580216,79.679487,20.787586,81.802756,19.449009,73.330933,19.354828,73.212779,19.273599,73.184332,19.265054,73.172362,20.284502,84.273714,20.234255,84.336309,19.080273,82.045875,19.093135,78.801371,19.086912,82.020044,19.511886,73.329398,19.293023,73.202988,19.273599,73.184332,19.265054,73.172362,19.265084,73.172411,1541070.125,86990.297,2.6363636363636362,0.00,1,0,1540331.75,94053.883,3.272727272727273,0.00,1,0
20.274398,84.268959,20.284502,84.273714,20.234255,84.336309,18.438285,84.07339,16.04986,79.740557,16.094732,80.16566,13.201593,77.6621,12.993646,77.585199,12.971187,77.59773,12.971703,77.59503,20.284502,84.273714,20.234255,84.336309,19.04876,82.553551,18.729134,79.981481,19.006638,81.901944,13.04707,77.591751,12.983128,77.592298,12.971187,77.59773,12.971703,77.59503,12.971656,77.594714,1420798,90698.258,3,10.14,1,0,1535471.25,91652.531,3.090909090909091,10.14,1,0
19.075962,72.877373,19.074962,72.872462,19.076085,72.874393,19.819582,74.026813,20.980303,78.969977,19.790395,74.276004,21.989925,82.066718,22.06935,82.066604,22.77253,82.479099,22.752862,82.659111,19.074962,72.872462,19.076085,72.874393,19.819293,74.027211,21.029703,78.992458,19.921758,75.215768,22.066177,81.684315,22.286834,82.300124,22.77253,82.479099,22.752862,82.659111,22.878481,82.795276,1366070.625,71058.789,3.3636363636363638,1.19,0.9935604545454546,0,1407364,75748.898,3,0.00,1,0
19.075962,72.877373,19.074962,72.872462,19.076085,72.874393,19.819582,74.026813,20.980303,78.969977,19.819293,74.027211,21.989925,82.066718,22.375409,82.324946,22.77253,82.479099,22.752862,82.659111,19.074962,72.872462,19.076085,72.874393,19.819293,74.027211,21.029703,78.992458,20.216815,76.807775,22.066177,81.684315,22.752862,82.659111,22.77253,82.479099,22.752862,82.659111,22.878481,82.795276,1366070.625,71040.938,2.727272727272727,1.34,0.9938201818181818,0,1407364,75641.766,3,0.00,1,0
19.075962,72.877373,19.074962,72.872462,19.076085,72.874393,19.819582,74.026813,20.980303,78.969977,20.6177,77.853963,21.989925,82.066718,22.77253,82.479099,22.77253,82.479099,22.752862,82.659111,19.074962,72.872462,19.076085,72.874393,19.819293,74.027211,21.029703,78.992458,19.945961,74.986588,22.066177,81.684315,22.265683,82.147083,22.77253,82.479099,22.752862,82.659111,22.878481,82.795276,1366070.625,71128.383,3.3636363636363638,2.53,0.9870284545454545,0,1407364,75706.258,3,0.00,1,0
19.075962,72.877373,19.074962,72.872462,19.076085,72.874393,19.819582,74.026813,20.980303,78.969977,20.056234,76.405294,21.989925,82.066718,22.286834,82.300124,22.77253,82.479099,22.752862,82.659111,19.074962,72.872462,19.076085,72.874393,19.819293,74.027211,21.029703,78.992458,20.980303,78.969977,22.066177,81.684315,22.111182,82.073327,22.77253,82.479099,22.752862,82.659111,22.878481,82.795276,1366070.625,71147.547,3.3636363636363638,1.79,0.9912745454545454,0,1407364,75706.766,2.909090909090909,0.00,1,0
19.819582,74.026813,19.819293,74.027211,19.794489,74.060966,20.603862,77.708249,21.092945,80.979414,21.157336,79.659919,22.265683,82.147083,22.77253,82.479099,22.77253,82.479099,22.752862,82.659111,19.819293,74.027211,19.794489,74.060966,20.603862,77.708249,22.073876,79.527181,21.391773,79.258725,22.111182,82.073327,22.508411,82.551145,22.77253,82.479099,22.752862,82.659111,22.878481,82.795276,1177776.5,58330.121,3.6363636363636362,1.33,0.9625230909090909,0,1219070,62810.504,3.4545454545454546,0.00,1,0
20.603862,77.708249,20.6177,77.853963,20.795436,78.322044,21.101206,79.730618,21.369709,81.358421,21.185494,81.276459,22.508411,82.551145,22.752862,82.659111,22.752862,82.659111,22.865792,82.755537,20.6177,77.853963,20.795436,78.322044,21.391773,79.258725,22.483348,80.372275,22.335558,79.861743,22.458821,82.497205,22.602867,82.557119,22.752862,82.659111,22.865792,82.755537,22.878481,82.795276,762087.688,43357.855,4,0.00,1,0,803381.125,47760.301,4.090909090909091,0.00,1,0
19.075962,72.877373,19.074962,72.872462,19.076085,72.874393,19.819582,74.026813,20.980303,78.969977,19.819293,74.027211,21.989925,82.066718,22.286834,82.300124,22.77253,82.479099,22.752862,82.659111,19.074962,72.872462,19.076085,72.874393,19.819293,74.027211,21.029703,78.992458,20.838209,78.857453,22.066177,81.684315,22.508411,82.551145,22.77253,82.479099,22.752862,82.659111,22.878481,82.795276,1366070.625,71306.016,3,0.00,1,0,1407364,75837.945,3,0.00,1,0
19.075962,72.877373,19.074962,72.872462,19.076085,72.874393,19.819582,74.026813,20.980303,78.969977,20.795436,78.322044,21.989925,82.066718,22.77253,82.479099,22.77253,82.479099,22.752862,82.659111,19.074962,72.872462,19.076085,72.874393,19.819293,74.027211,21.029703,78.992458,19.794489,74.060966,22.066177,81.684315,22.286834,82.300124,22.77253,82.479099,22.752862,82.659111,22.878481,82.795276,1366070.625,71368.82,3.3636363636363638,2.09,0.9891936363636362,1,1407364,75934.797,2.909090909090909,0.00,1,0
19.819582,74.026813,19.819293,74.027211,19.794489,74.060966,20.603862,77.708249,21.092945,80.979414,20.967824,78.911533,22.265683,82.147083,22.77253,82.479099,22.77253,82.479099,22.752862,82.659111,19.819293,74.027211,19.794489,74.060966,20.603862,77.708249,22.073876,79.527181,21.029703,78.992458,22.111182,82.073327,22.77253,82.479099,22.77253,82.479099,22.752862,82.659111,22.878481,82.795276,1177776.5,58210.922,3.727272727272727,0.00,1,0,1219070,62607.656,3.3636363636363638,0.00,1,0
20.603862,77.708249,20.6177,77.853963,20.795436,78.322044,21.101206,79.730618,21.369709,81.358421,21.101206,79.730618,22.508411,82.551145,22.633387,82.519176,22.752862,82.659111,22.865792,82.755537,20.6177,77.853963,20.795436,78.322044,21.391773,79.258725,22.483348,80.372275,22.087058,79.566236,22.458821,82.497205,22.633387,82.519176,22.752862,82.659111,22.865792,82.755537,22.878481,82.795276,762087.688,43194.941,4.090909090909091,0.00,1,0,803381.125,47813.508,4,0.00,1,0
19.075962,72.877373,19.074962,72.872462,19.076085,72.874393,19.819582,74.026813,20.980303,78.969977,19.819582,74.026813,21.989925,82.066718,22.752862,82.659111,22.77253,82.479099,22.752862,82.659111,19.074962,72.872462,19.076085,72.874393,19.819293,74.027211,21.029703,78.992458,19.794489,74.060966,22.066177,81.684315,22.066177,81.684315,22.77253,82.479099,22.752862,82.659111,22.878481,82.795276,1366070.625,71409.617,3.090909090909091,0.00,1,0,1407364,76043.773,2.8181818181818183,0.00,1,0
19.075962,72.877373,19.074962,72.872462,19.076085,72.874393,19.819582,74.026813,20.980303,78.969977,20.838209,78.857453,21.989925,82.066718,22.752862,82.659111,22.77253,82.479099,22.752862,82.659111,19.074962,72.872462,19.076085,72.874393,19.819293,74.027211,21.029703,78.992458,20.321333,77.104711,22.066177,81.684315,22.375409,82.324946,22.77253,82.479099,22.752862,82.659111,22.878481,82.795276,1366070.625,71413.742,3.3636363636363638,0.00,1,0,1407364,76044.461,2.727272727272727,0.00,1,0
19.819582,74.026813,19.819293,74.027211,19.794489,74.060966,20.603862,77.708249,21.092945,80.979414,21.135929,79.31657,22.265683,82.147083,22.752862,82.659111,22.77253,82.479099,22.752862,82.659111,19.819293,74.027211,19.794489,74.060966,20.603862,77.708249,22.073876,79.527181,20.838209,78.857453,22.111182,82.073327,22.265683,82.147083,22.77253,82.479099,22.752862,82.659111,22.878481,82.795276,1177776.5,58194.746,3.6363636363636362,0.00,1,0,1219070,62636.348,3.5454545454545454,0.00,1,0
20.603862,77.708249,20.6177,77.853963,20.795436,78.322044,21.101206,79.730618,21.369709,81.358421,21.089172,80.529958,22.508411,82.551145,22.717468,82.51079,22.752862,82.659111,22.865792,82.755537,20.6177,77.853963,20.795436,78.322044,21.391773,79.258725,22.483348,80.372275,21.391773,79.258725,22.458821,82.497205,22.752862,82.659111,22.752862,82.659111,22.865792,82.755537,22.878481,82.795276,762087.688,43086.516,4.090909090909091,0.00,1,0,803381.125,47763.219,4.181818181818182,0.00,1,0
19.075962,72.877373,19.074962,72.872462,19.076085,72.874393,19.819582,74.026813,20.980303,78.969977,20.795436,78.322044,21.989925,82.066718,22.286834,82.300124,22.77253,82.479099,22.752862,82.659111,19.074962,72.872462,19.076085,72.874393,19.819293,74.027211,21.029703,78.992458,20.507717,77.437723,22.066177,81.684315,22.602867,82.557119,22.77253,82.479099,22.752862,82.659111,22.878481,82.795276,1366070.625,71427.586,3.3636363636363638,0.00,1,0,1407364,76036.438,3,0.00,1,0
19.819582,74.026813,19.819293,74.027211,19.794489,74.060966,20.603862,77.708249,21.092945,80.979414,20.6177,77.853963,22.265683,82.147083,22.286834,82.300124,22.77253,82.479099,22.752862,82.659111,19.819293,74.027211,19.794489,74.060966,20.603862,77.708249,22.073876,79.527181,21.190704,79.269831,22.111182,82.073327,22.602867,82.557119,22.77253,82.479099,22.752862,82.659111,22.878481,82.795276,1177776.5,58207.289,3.727272727272727,0.00,1,0,1219070,62593,3.1818181818181817,0.00,1,1
20.603862,77.708249,20.6177,77.853963,20.795436,78.322044,21.101206,79.730618,21.369709,81.358421,21.197171,81.285026,22.508411,82.551145,22.717468,82.51079,22.752862,82.659111,22.865792,82.755537,20.6177,77.853963,20.795436,78.322044,21.391773,79.258725,22.483348,80.372275,22.211116,79.739196,22.458821,82.497205,22.865792,82.755537,22.752862,82.659111,22.865792,82.755537,22.878481,82.795276,762087.688,43018.32,4,0.00,1,0,803381.125,47651.723,3.909090909090909,0.00,1,0
20.6177,77.853963,20.79533,78.321526,20.80733,78.418314,21.061551,79.909575,21.369709,81.358421,21.059692,80.29122,22.508411,82.551145,22.602867,82.557119,22.752862,82.659111,22.865792,82.755537,20.79533,78.321526,20.80733,78.418314,21.471155,79.322153,22.529551,80.336535,22.416228,80.297484,22.508411,82.551145,22.735855,82.597221,22.752862,82.659111,22.865792,82.755537,22.878481,82.795276,746816.375,42691.883,4.090909090909091,0.00,1,0,788109.812,47345.594,4.090909090909091,0.00,1,0
19.075962,72.877373,19.074962,72.872462,19.076085,72.874393,19.819582,74.026813,20.980303,78.969977,20.838209,78.857453,21.989925,82.066718,22.602867,82.557119,22.77253,82.479099,22.752862,82.659111,19.074962,72.872462,19.076085,72.874393,19.819293,74.027211,21.029703,78.992458,19.790395,74.276004,22.066177,81.684315,22.602867,82.557119,22.77253,82.479099,22.752862,82.659111,22.878481,82.795276,1366070.625,71478.016,3.3636363636363638,0.00,1,0,1407364,76070.562,3,0.00,1,0
19.074962,72.872462,19.075171,72.872339,19.076085,72.874393,19.819582,74.026813,20.980303,78.969977,19.819293,74.027211,21.989925,82.066718,22.06935,82.066604,22.77253,82.479099,22.752862,82.659111,19.075171,72.872339,19.076085,72.874393,19.819293,74.027211,21.029703,78.992458,20.056234,76.405294,22.066177,81.684315,22.602867,82.557119,22.77253,82.479099,22.752862,82.659111,22.878481,82.795276,1365497.875,71412.102,3,0.00,1,0,1406791.25,76007.422,3,0.00,1,0
19.076085,72.874393,19.068642,72.903856,19.211012,72.975483,19.794489,74.060966,21.029703,78.992458,20.603862,77.708249,21.990192,82.066982,22.265683,82.147083,22.77253,82.479099,22.752862,82.659111,19.068642,72.903856,19.211012,72.975483,19.794489,74.060966,21.025391,79.035526,19.794489,74.060966,22.066177,81.684315,22.375409,82.324946,22.77253,82.479099,22.752862,82.659111,22.878481,82.795276,1365232.125,71391.93,3.727272727272727,1.24,1,0,1406525.75,75984.555,3.272727272727273,1.24,1,0
19.068642,72.903856,19.211012,72.975483,19.267903,73.080731,19.790395,74.276004,21.025391,79.035526,20.795436,78.322044,21.990192,82.066982,22.602867,82.557119,22.77253,82.479099,22.752862,82.659111,19.211012,72.975483,19.267903,73.080731,19.790395,74.276004,21.086714,79.176915,19.921758,75.215768,22.132161,81.867651,22.265683,82.147083,22.77253,82.479099,22.752862,82.659111,22.878481,82.795276,1361514.875,70873.023,4.090909090909091,2.97,0.999898,0,1402808.375,75496.328,4.090909090909091,2.97,0.999898,0
19.211012,72.975483,19.267903,73.080731,19.341639,73.117041,19.790395,74.276004,21.025391,79.035526,20.838209,78.857453,21.990192,82.066982,22.375409,82.324946,22.77253,82.479099,22.752862,82.659111,19.267903,73.080731,19.341639,73.117041,19.945961,74.986588,21.086714,79.176915,19.905741,75.451164,22.132161,81.867651,22.602867,82.557119,22.77253,82.479099,22.752862,82.659111,22.878481,82.795276,1342998.25,68829.875,3.8181818181818183,1.33,0.9999489999999999,0,1384291.75,73400.469,4.090909090909091,1.33,0.9999489999999999,0
19.267903,73.080731,19.341639,73.117041,19.448707,73.330515,19.945961,74.986588,21.086714,79.176915,19.892204,75.923815,21.990192,82.066982,22.06935,82.066604,22.77253,82.479099,22.752862,82.659111,19.341639,73.117041,19.448707,73.330515,19.921758,75.215768,21.155181,79.190986,19.979614,75.358809,22.132161,81.867651,22.286834,82.300124,22.77253,82.479099,22.752862,82.659111,22.878481,82.795276,1329489.75,67295.812,4.181818181818182,1.33,0.9999489999999999,0,1370783.25,71934.516,4.090909090909091,1.52,0.9998316363636364,0
19.341639,73.117041,19.448707,73.330515,19.530917,73.341075,19.921758,75.215768,21.086714,79.176915,20.6177,77.853963,21.990192,82.066982,21.990192,82.066982,22.77253,82.479099,22.752862,82.659111,19.448707,73.330515,19.530917,73.341075,19.921758,75.215768,21.155181,79.190986,20.185084,76.550504,22.132161,81.867651,22.752862,82.659111,22.77253,82.479099,22.752862,82.659111,22.878481,82.795276,1319546,66518.359,4.181818181818182,0.00,1,0,1360839.5,71269.328,4.090909090909091,1.85,0.9871101818181818,0
19.448707,73.330515,19.609168,73.399038,19.637339,73.482731,19.892204,75.923815,21.135929,79.31657,20.216815,76.807775,22.06935,82.066604,22.265683,82.147083,22.77253,82.479099,22.752862,82.659111,19.609168,73.399038,19.637339,73.482731,19.892204,75.923815,21.324938,79.224369,20.603862,77.708249,22.132161,81.867651,22.752862,82.659111,22.77253,82.479099,22.752862,82.659111,22.878481,82.795276,1290181.75,63143.887,4.181818181818182,2.20,0.9974545454545454,0,1331475.25,67756.023,4.090909090909091,2.20,0.9974623636363638,0
19.609168,73.399038,19.637339,73.482731,19.702239,73.500748,20.056234,76.405294,21.157336,79.659919,21.086714,79.176915,22.06935,82.066604,22.77253,82.479099,22.77253,82.479099,22.752862,82.659111,19.637339,73.482731,19.702239,73.500748,20.056234,76.405294,21.391773,79.258725,20.185084,76.550504,22.111182,82.073327,22.286834,82.300124,22.77253,82.479099,22.752862,82.659111,22.878481,82.795276,1268793.5,62269.395,4.090909090909091,2.20,0.96559,0,1310086.75,67008.531,4.090909090909091,4.21,0.9844345454545455,0
19.637339,73.482731,19.702239,73.500748,19.694538,73.590749,20.056234,76.405294,21.157336,79.659919,20.216815,76.807775,22.06935,82.066604,22.752862,82.659111,22.77253,82.479099,22.752862,82.659111,19.702239,73.500748,19.694538,73.590749,20.185084,76.550504,21.391773,79.258725,21.190704,79.269831,22.111182,82.073327,22.375409,82.324946,22.77253,82.479099,22.752862,82.659111,22.878481,82.795276,1258076.25,61798.98,3.909090909090909,1.10,0.9668588181818181,0,1299369.75,66576.656,3.1818181818181817,3.10,0.9857033636363636,0
19.702239,73.500748,19.694538,73.590749,19.686107,73.575095,20.185084,76.550504,21.101206,79.730618,20.838209,78.857453,22.06935,82.066604,22.508411,82.551145,22.77253,82.479099,22.752862,82.659111,19.694538,73.590749,19.686107,73.575095,20.216815,76.807775,21.878375,79.531026,20.603862,77.708249,22.111182,82.073327,22.111182,82.073327,22.77253,82.479099,22.752862,82.659111,22.878481,82.795276,1248483.875,61177.016,3.909090909090909,2.00,0.9869721818181819,0,1289777.375,66004.43,3.727272727272727,0.00,1,0
19.694538,73.590749,19.694454,73.590812,19.686107,73.575095,20.185084,76.550504,21.101206,79.730618,20.980303,78.969977,22.06935,82.066604,22.508411,82.551145,22.77253,82.479099,22.752862,82.659111,19.694454,73.590812,19.686107,73.575095,20.216815,76.807775,21.878375,79.531026,21.086714,79.176915,22.111182,82.073327,22.265683,82.147083,22.77253,82.479099,22.752862,82.659111,22.878481,82.795276,1237590.125,60570.34,3.909090909090909,2.00,0.9867432727272726,0,1278883.375,65342.75,3.727272727272727,0.00,1,0
19.686107,73.575095,19.679206,73.578511,19.714839,73.748952,20.321333,77.104711,21.061551,79.909575,21.157336,79.659919,22.06935,82.066604,22.265683,82.147083,22.77253,82.479099,22.752862,82.659111,19.679206,73.578511,19.714839,73.748952,20.321333,77.104711,22.067131,79.528152,21.155181,79.190986,22.111182,82.073327,22.508411,82.551145,22.77253,82.479099,22.752862,82.659111,22.878481,82.795276,1235549.5,60437.863,3.909090909090909,0.00,0.975173090909091,0,1276842.875,65162.922,3.8181818181818183,0.00,1,0
19.679206,73.578511,19.678922,73.57852,19.714839,73.748952,20.321333,77.104711,21.061551,79.909575,21.135929,79.31657,22.06935,82.066604,22.06935,82.066604,22.77253,82.479099,22.752862,82.659111,19.678922,73.57852,19.714839,73.748952,20.321333,77.104711,22.067131,79.528152,21.324938,79.224369,22.111182,82.073327,22.111182,82.073327,22.77253,82.479099,22.752862,82.659111,22.878481,82.795276,1234697.125,60345.648,3.6363636363636362,0.00,1,0,1275990.625,65052.848,3.4545454545454546,0.00,1,0
19.714839,73.748952,19.815427,73.851338,19.775232,73.972874,20.507717,77.437723,21.092945,80.979414,20.6177,77.853963,22.265683,82.147083,22.375409,82.324946,22.77253,82.479099,22.752862,82.659111,19.815427,73.851338,19.775232,73.972874,20.603862,77.708249,22.073876,79.527181,20.980303,78.969977,22.111182,82.073327,22.286834,82.300124,22.77253,82.479099,22.752862,82.659111,22.878481,82.795276,1212859.5,59235.91,4.181818181818182,0.00,1,0,1254153,63705.523,4.2727272727272725,0.00,1,0
19.815427,73.851338,19.775232,73.972874,19.790772,74.058151,20.603862,77.708249,21.092945,80.979414,21.135929,79.31657,22.265683,82.147083,22.508411,82.551145,22.77253,82.479099,22.752862,82.659111,19.775232,73.972874,19.790772,74.058151,20.603862,77.708249,22.073876,79.527181,21.086714,79.176915,22.111182,82.073327,22.111182,82.073327,22.77253,82.479099,22.752862,82.659111,22.878481,82.795276,1196606,58736.988,4.363636363636363,0.00,1,0,1237899.375,63164.973,4.090909090909091,0.00,1,0
19.775232,73.972874,19.790772,74.058151,19.790395,74.276004,20.6177,77.853963,21.103208,81.067916,21.029703,78.992458,22.265683,82.147083,22.265683,82.147083,22.77253,82.479099,22.752862,82.659111,19.790772,74.058151,19.790395,74.276004,20.6177,77.853963,22.074061,79.528386,22.067131,79.528152,22.265683,82.147083,22.286834,82.300124,22.77253,82.479099,22.752862,82.659111,22.878481,82.795276,1182594.625,58185.215,4.2727272727272725,0.00,1,0,1223888,62508.961,4.2727272727272725,0.00,1,0
19.790772,74.058151,19.790395,74.276004,19.945961,74.986588,20.6177,77.853963,21.103208,81.067916,21.092945,80.979414,22.265683,82.147083,22.602867,82.557119,22.77253,82.479099,22.752862,82.659111,19.790395,74.276004,19.945961,74.986588,20.795436,78.322044,22.074061,79.528386,21.190704,79.269831,22.265683,82.147083,22.286834,82.300124,22.77253,82.479099,22.752862,82.659111,22.878481,82.795276,1173463.875,57838.898,4.363636363636363,0.00,1,0,1214757.5,62209.875,4,0.00,1,0
19.790395,74.276004,19.945961,74.986588,19.921926,75.216828,20.795436,78.322044,21.151322,81.206125,20.967824,78.911533,22.265683,82.147083,22.265683,82.147083,22.77253,82.479099,22.752862,82.659111,19.945961,74.986588,19.921926,75.216828,20.838209,78.857453,22.091147,79.550242,22.067131,79.528152,22.265683,82.147083,22.752862,82.659111,22.77253,82.479099,22.752862,82.659111,22.878481,82.795276,1150586.25,57079.785,4.454545454545454,0.00,1,0,1191879.625,61484.266,4.2727272727272725,0.00,1,0
19.945961,74.986588,19.921471,75.213218,19.979545,75.360539,20.838209,78.857453,21.151322,81.206125,20.967824,78.911533,22.265683,82.147083,22.752862,82.659111,22.77253,82.479099,22.752862,82.659111,19.921471,75.213218,19.979545,75.360539,20.838209,78.857453,22.091147,79.550242,21.029703,78.992458,22.265683,82.147083,22.375409,82.324946,22.77253,82.479099,22.752862,82.659111,22.878481,82.795276,1073381,54654.328,4.454545454545454,0.00,1,0,1114674.5,59069.438,3.909090909090909,0.00,1,0
19.921471,75.213218,19.979545,75.360539,19.905741,75.451164,20.967824,78.911533,21.212131,81.22631,20.980303,78.969977,22.265683,82.147083,22.265683,82.147083,22.77253,82.479099,22.752862,82.659111,19.979545,75.360539,19.905741,75.451164,20.967824,78.911533,22.088291,79.550646,21.391773,79.258725,22.265683,82.147083,22.77253,82.479099,22.77253,82.479099,22.752862,82.659111,22.878481,82.795276,1049316.5,54047.945,4.454545454545454,0.00,1,1,1090609.875,58209.207,4.090909090909091,0.00,1,0
20.980303,78.969977,21.029703,78.992458,21.025391,79.035526,21.087459,80.70767,21.715352,81.534742,21.562835,81.31981,22.602867,82.557119,22.717468,82.51079,22.752862,82.659111,22.865792,82.755537,21.029703,78.992458,21.025391,79.035526,22.091147,79.550242,22.563997,80.398665,22.11148,79.629334,22.508411,82.551145,22.77253,82.479099,22.752862,82.659111,22.865792,82.755537,22.878481,82.795276,614692.938,38398.457,3.727272727272727,0.00,1,0,655986.312,42345.625,3.4545454545454546,0.00,1,0
19.075962,72.877373,19.074962,72.872462,19.076085,72.874393,19.819582,74.026813,20.980303,78.969977,20.967824,78.911533,21.989925,82.066718,22.06935,82.066604,22.77253,82.479099,22.752862,82.659111,19.074962,72.872462,19.076085,72.874393,19.819293,74.027211,21.029703,78.992458,20.838209,78.857453,22.066177,81.684315,22.111182,82.073327,22.77253,82.479099,22.752862,82.659111,22.878481,82.795276,1366070.625,71456.922,3.3636363636363638,0.00,1,0,1407364,75668.891,2.909090909090909,0.00,1,0
19.075962,72.877373,19.074962,72.872462,19.076085,72.874393,19.819582,74.026813,20.980303,78.969977,19.819293,74.027211,21.989925,82.066718,21.989925,82.066718,22.77253,82.479099,22.752862,82.659111,19.074962,72.872462,19.076085,72.874393,19.819293,74.027211,21.029703,78.992458,19.979614,75.358809,22.066177,81.684315,22.265683,82.147083,22.77253,82.479099,22.752862,82.659111,22.878481,82.795276,1366070.625,71446.5,3,0.00,1,0,1407364.125,75702.211,3,1.94,0.9763636363636364,0
19.074962,72.872462,19.075171,72.872339,19.076085,72.874393,19.819582,74.026813,20.980303,78.969977,20.507717,77.437723,21.989925,82.066718,22.602867,82.557119,22.77253,82.479099,22.752862,82.659111,19.075171,72.872339,19.076085,72.874393,19.819293,74.027211,21.029703,78.992458,19.921758,75.215768,22.066177,81.684315,22.111182,82.073327,22.77253,82.479099,22.752862,82.659111,22.878481,82.795276,1365497.875,71395.406,3.3636363636363638,0.00,1,0,1406791.25,75606.031,2.909090909090909,0.00,1,0
20.980303,78.969977,21.029703,78.992458,21.025391,79.035526,21.087459,80.70767,21.715352,81.534742,21.663918,81.40768,22.602867,82.557119,22.717468,82.51079,22.752862,82.659111,22.865792,82.755537,21.029703,78.992458,21.025391,79.035526,22.091147,79.550242,22.563997,80.398665,22.11148,79.629334,22.508411,82.551145,22.508411,82.551145,22.752862,82.659111,22.865792,82.755537,22.878481,82.795276,614692.938,38580.93,3.727272727272727,0.00,1,0,655986.312,42255.883,3.4545454545454546,0.00,1,0
19.075962,72.877373,19.074962,72.872462,19.076085,72.874393,19.819582,74.026813,20.980303,78.969977,19.790395,74.276004,21.989925,82.066718,22.265683,82.147083,22.77253,82.479099,22.752862,82.659111,19.074962,72.872462,19.076085,72.874393,19.819293,74.027211,21.029703,78.992458,20.185084,76.550504,22.066177,81.684315,22.602867,82.557119,22.77253,82.479099,22.752862,82.659111,22.878481,82.795276,1366070.625,71419.055,3.3636363636363638,1.94,0.9763636363636364,0,1407364,75592.383,3,0.00,1,0
19.075962,72.877373,19.074962,72.872462,19.076085,72.874393,19.819582,74.026813,20.980303,78.969977,20.795436,78.322044,21.989925,82.066718,22.508411,82.551145,22.77253,82.479099,22.752862,82.659111,19.074962,72.872462,19.076085,72.874393,19.819293,74.027211,21.029703,78.992458,20.603862,77.708249,22.066177,81.684315,22.77253,82.479099,22.77253,82.479099,22.752862,82.659111,22.878481,82.795276,1366070.625,71412.094,3.3636363636363638,0.00,1,0,1407364.125,75593.016,3,0.00,1,0
19.194264,72.970457,19.199241,72.972025,19.203672,72.97725,19.212295,72.977375,19.267903,73.080731,19.209134,73.003919,19.243518,73.129653,19.243518,73.129653,19.238197,73.133103,19.239088,73.136672,19.199241,72.972025,19.203672,72.97725,19.218421,72.983356,19.286502,73.052958,19.236848,73.015599,19.243518,73.129653,19.239088,73.136672,19.238197,73.133103,19.239088,73.136672,19.239625,73.136518,23384.533,3025.942,3.272727272727273,0.00,1,0,27178.363,3784.939,3.272727272727273,0.00,1,0
19.194264,72.970457,19.199241,72.972025,19.203672,72.97725,19.212295,72.977375,19.267903,73.080731,19.254009,73.060719,19.243518,73.129653,19.239088,73.136672,19.238197,73.133103,19.239088,73.136672,19.199241,72.972025,19.203672,72.97725,19.218421,72.983356,19.286502,73.052958,19.245654,73.017827,19.243518,73.129653,19.238197,73.133103,19.238197,73.133103,19.239088,73.136672,19.239625,73.136518,23384.533,3024.023,3.272727272727273,0.00,1,0,27178.363,3786.538,3.272727272727273,0.00,1,0
19.194264,72.970457,19.199241,72.972025,19.203672,72.97725,19.212295,72.977375,19.267903,73.080731,19.209134,73.003919,19.243518,73.129653,19.240042,73.129316,19.238197,73.133103,19.239088,73.136672,19.199241,72.972025,19.203672,72.97725,19.218421,72.983356,19.286502,73.052958,19.251303,73.018066,19.243518,73.129653,19.239088,73.136672,19.238197,73.133103,19.239088,73.136672,19.239625,73.136518,23384.533,3024.023,3.272727272727273,0.00,1,0,27178.363,3786.531,3.272727272727273,0.00,1,0
19.194264,72.970457,19.197803,72.971688,19.197257,72.975067,19.19728,72.98242,19.197953,72.987956,19.19939,72.985333,19.155546,72.999057,19.158011,72.996743,19.157994,72.998562,19.158011,72.996743,19.196012,72.971069,19.192897,72.970207,19.189463,72.96537,19.170684,72.967894,19.189463,72.96537,19.155569,72.996402,19.156936,72.996745,19.156883,72.996409,19.156936,72.996745,19.158272,72.996746,8388.069,1361.37,1.4545454545454546,0.00,0.8943552727272727,0,10783.646,1469.795,2.6363636363636362,0.00,0.8679440909090907,0
19.197953,72.987956,19.196448,72.987091,19.190608,72.988005,19.188826,72.988588,19.172922,72.999121,19.185761,72.99225,19.157994,72.998562,19.157994,72.998562,19.157994,72.998562,19.158011,72.996743,19.196448,72.987091,19.190608,72.988005,19.188826,72.988588,19.181889,72.994147,19.182949,72.994696,19.161127,72.989182,19.160624,72.996769,19.161127,72.989182,19.160624,72.996769,19.158272,72.996746,5767.912,876.973,2.272727272727273,0.00,0.9471776363636363,0,5769.832,924.219,1.9090909090909092,0.00,0.9735888181818182,0
19.194264,72.970457,19.197803,72.971688,19.197257,72.975067,19.19728,72.98242,19.197953,72.987956,19.197403,72.983889,19.155546,72.999057,19.157994,72.998562,19.157994,72.998562,19.158011,72.996743,19.196012,72.971069,19.192897,72.970207,19.189463,72.96537,19.170684,72.967894,19.17773,72.967926,19.155569,72.996402,19.156936,72.996745,19.156883,72.996409,19.156936,72.996745,19.158272,72.996746,8388.069,1364.958,1.6363636363636365,0.00,0.8974910909090908,0,10783.646,1478.009,2.6363636363636362,0.00,0.829151818181818,0
19.194264,72.970457,19.197803,72.971688,19.197257,72.975067,19.19728,72.98242,19.197953,72.987956,19.199737,72.986129,19.155546,72.999057,19.157994,72.998562,19.157994,72.998562,19.158011,72.996743,19.196012,72.971069,19.192897,72.970207,19.189463,72.96537,19.170684,72.967894,19.174493,72.96868,19.155569,72.996402,19.156936,72.996745,19.156883,72.996409,19.156936,72.996745,19.158272,72.996746,8388.069,1365.981,1.6363636363636365,0.00,0.8974910909090908,0,10783.646,1478.009,2.6363636363636362,0.00,0.829151818181818,0
19.194264,72.970457,19.197803,72.971688,19.197257,72.975067,19.19728,72.98242,19.197953,72.987956,19.197403,72.983889,19.155546,72.999057,19.157994,72.998562,19.157994,72.998562,19.158011,72.996743,19.196012,72.971069,19.192897,72.970207,19.189463,72.96537,19.170684,72.967894,19.174493,72.96868,19.155569,72.996402,19.156883,72.996409,19.156883,72.996409,19.156936,72.996745,19.158272,72.996746,8388.069,1365.981,1.6363636363636365,0.00,0.8974910909090908,0,10783.646,1478.009,2.6363636363636362,0.00,0.829151818181818,0
19.197953,72.987956,19.196448,72.987091,19.190608,72.988005,19.188826,72.988588,19.172922,72.999121,19.188826,72.988588,19.157994,72.998562,19.158011,72.996743,19.157994,72.998562,19.158011,72.996743,19.196448,72.987091,19.190608,72.988005,19.188826,72.988588,19.181889,72.994147,19.185761,72.99225,19.161127,72.989182,19.161127,72.989182,19.161127,72.989182,19.160624,72.996769,19.158272,72.996746,5767.912,883.559,2.090909090909091,0.00,0.8974910909090908,0,5769.832,941.311,1.7272727272727273,0.00,0.9658303636363637,0
18.944715,72.843002,18.946377,72.843166,18.949073,72.840517,19.842347,73.995885,20.967824,78.911533,20.6177,77.853963,21.989925,82.066718,22.602867,82.557119,22.77253,82.479099,22.752862,82.659111,18.946377,72.843166,18.949073,72.840517,19.842347,73.995885,20.980303,78.969977,19.819582,74.026813,22.066177,81.684315,22.602867,82.557119,22.77253,82.479099,22.752862,82.659111,22.878481,82.795276,1379553.875,73657.078,3.727272727272727,4.11,0.9783812727272728,0,1420847.25,78156.82,3.3636363636363638,4.11,0.9783812727272728,0
19.075962,72.877373,19.074962,72.872462,19.076085,72.874393,19.819582,74.026813,20.980303,78.969977,20.056234,76.405294,21.989925,82.066718,21.989925,82.066718,22.77253,82.479099,22.752862,82.659111,19.074962,72.872462,19.076085,72.874393,19.819293,74.027211,21.029703,78.992458,19.945961,74.986588,22.066177,81.684315,22.752862,82.659111,22.77253,82.479099,22.752862,82.659111,22.878481,82.795276,1366070.625,72796.453,3.3636363636363638,6.25,0.9832246363636362,0,1407364,77221.227,3,3.95,0.9998442727272727,0
18.944715,72.843002,18.946377,72.843166,18.949073,72.840517,19.842347,73.995885,20.967824,78.911533,20.603862,77.708249,21.989925,82.066718,22.602867,82.557119,22.77253,82.479099,22.752862,82.659111,18.946377,72.843166,18.949073,72.840517,19.842347,73.995885,20.980303,78.969977,19.819582,74.026813,22.066177,81.684315,22.508411,82.551145,22.77253,82.479099,22.752862,82.659111,22.878481,82.795276,1379553.875,73657.078,3.727272727272727,4.11,0.9783812727272728,0,1420847.25,78156.82,3.3636363636363638,4.11,0.9783812727272728,0
18.944715,72.843002,18.946377,72.843166,18.949073,72.840517,19.842347,73.995885,20.967824,78.911533,20.795436,78.322044,21.989925,82.066718,22.375409,82.324946,22.77253,82.479099,22.752862,82.659111,18.946377,72.843166,18.949073,72.840517,19.842347,73.995885,20.980303,78.969977,20.507717,77.437723,22.066177,81.684315,22.265683,82.147083,22.77253,82.479099,22.752862,82.659111,22.878481,82.795276,1379553.875,73657.078,3.4545454545454546,4.11,0.9783812727272728,0,1420847.25,78156.82,3.6363636363636362,6.50,0.9611085454545454,0
19.278967,73.024498,19.283583,73.023939,19.287401,73.029239,19.218213,72.983146,19.072773,72.910243,19.212775,72.977484,18.977957,72.845333,18.946377,72.843166,18.94905,72.840621,18.946377,72.843166,19.283583,73.023939,19.287401,73.029239,19.200223,72.985932,19.109699,73.010094,19.172922,72.999121,19.006055,72.856201,18.946377,72.843166,18.94905,72.840621,18.946377,72.843166,18.944715,72.843002,51118.098,5180.396,2.6363636363636362,1.47,0.9929236363636363,0,59133.723,6570.005,2,4.07,0.9900249999999999,0
19.278967,73.024498,19.283583,73.023939,19.287401,73.029239,19.218213,72.983146,19.072773,72.910243,19.216871,72.978372,18.977957,72.845333,18.977957,72.845333,18.94905,72.840621,18.946377,72.843166,19.283583,73.023939,19.287401,73.029239,19.200223,72.985932,19.109699,73.010094,19.197953,72.987956,19.006055,72.856201,18.977957,72.845333,18.94905,72.840621,18.946377,72.843166,18.944715,72.843002,51118.098,5140.969,2.909090909090909,0.00,1,0,59133.723,6507.908,2.090909090909091,0.00,1,0
19.278967,73.024498,19.283583,73.023939,19.287401,73.029239,19.218213,72.983146,19.072773,72.910243,19.12753,72.940219,18.977957,72.845333,18.977957,72.845333,18.94905,72.840621,18.946377,72.843166,19.283583,73.023939,19.287401,73.029239,19.200223,72.985932,19.109699,73.010094,19.148299,73.000608,19.006055,72.856201,18.977957,72.845333,18.94905,72.840621,18.946377,72.843166,18.944715,72.843002,51118.098,5138.198,2.909090909090909,0.00,1,0,59133.723,6507.524,2.272727272727273,0.00,1,0
20.274398,84.268959,20.284502,84.273714,20.234255,84.336309,18.438285,84.07339,16.04986,79.740557,17.049982,81.540977,13.201593,77.6621,12.971703,77.59503,12.971187,77.59773,12.971703,77.59503,20.284502,84.273714,20.234255,84.336309,19.340782,82.514185,17.592441,80.012714,18.866257,82.562901,13.04707,77.591751,13.016605,77.584026,12.971187,77.59773,12.971703,77.59503,12.971656,77.594714,1420798,89934.508,3.1818181818181817,7.14,1,0,1529304,91584.078,2.909090909090909,10.15,1,0
